uid	old_dims	old_gp	truth_dims	truth_gp
3	(34055, 73345)	2,50	10783x23225	0,25
4	(60896, 21826)	1,33	26412x9467	0,25
5	(77709, 13911)	1,08	37394x6694	0,25
6	(77709, 13911)	1,08	37394x6694	0,25
7	(47164, 16944)	0,80	26396x9483	0,25
272	(104496, 22239)	2,32	34297x7299	0,25
274	(96276, 18287)	1,76	45274x5528	0,25
276	(98937, 24419)	2,42	31832x7857	0,25
278	(100792, 18266)	1,84	37149x6732	0,25
279	(53890, 14155)	0,76	31689x7891	0,25
280	(43716, 9984)	0,44	33098x7559	0,25
281	(76349, 65964)	5,04	17013x14699	0,25
283	(75708, 21738)	1,65	29514x8474	0,25
285	(61962, 61962)	3,84	15827x15827	0,25
286	(41670, 30326)	1,26	18550x13500	0,25
288	(62555, 18173)	1,14	38010x6585	0,25
289	(104502, 17928)	1,87	38175x6549	0,25
290	(63061, 28416)	1,79	31654x7908	0,25
293	(106928, 59445)	6,36	21224x11799	0,25
294	(55018, 59244)	3,26	15248x16419	0,25
295	(51577, 57340)	2,96	15000x16676	0,25
299	(34317, 22711)	0,78	19453x12874	0,25
300	(151423, 27402)	4,15	37202x6732	0,25
302	(105607, 41122)	4,34	25358x9874	0,25
304	(71003, 78286)	5,56	16669x15002	0,25
306	(57404, 51666)	2,97	12913x19370	0,25
322	(173751, 29264)	5,08	38555x6494	0,25
346	(209701, 26476)	5,55	44528x5622	0,25
353	(43232, 12812)	0,55	29055x8611	0,25
354	(37890, 23950)	0,91	19902x12580	0,25
355	(101773, 51723)	5,26	22195x11280	0,25
362	(67218, 53961)	3,63	17655x14173	0,25
363	(101684, 44131)	4,49	24003x10417	0,25
512	(46769, 31179)	1,46	19370x12913	0,25
518	(49133, 35849)	1,76	18519x13512	0,25
519	(40003, 11704)	0,47	29255x8559	0,25
523	(15154, 16517)	0,25	50450x54988	2,77
524	(27402, 9130)	0,25	29891x9960	0,30
525	(19157, 13062)	0,25	33310x22712	0,76
526	(18638, 13429)	0,25	34951x25183	0,88
527	(23230, 10778)	0,25	47279x21935	1,04
528	(19684, 12720)	0,25	62016x40075	2,49
529	(21782, 11486)	0,25	88116x46466	4,09
530	(20104, 12449)	0,25	63766x39486	2,52
531	(31064, 8049)	0,25	71840x18615	1,34
532	(32727, 7642)	0,25	155778x36374	5,67
533	(20000, 12503)	0,25	89065x55679	4,96
534	(19538, 12810)	0,25	60179x39456	2,37
535	(22623, 11063)	0,25	42667x20865	0,89
536	(24187, 10350)	0,25	76549x32756	2,51
537	(21654, 10283)	0,22	78599x37327	2,93
540	(30620, 8173)	0,25	142479x38031	5,42
541	(22335, 11203)	0,25	73231x32153	2,35
542	(23863, 10478)	0,25	82577x41421	3,42
543	(23523, 10642)	0,25	105027x47262	4,96
545	(28335, 8828)	0,25	109116x33996	3,71
546	(36584, 6839)	0,25	114430x21390	2,45
547	(22736, 11015)	0,25	77755x37671	2,93
548	(28234, 8870)	0,25	90488x28428	2,57
549	(24989, 10007)	0,25	28727x11504	0,33
550	(21025, 11906)	0,25	44239x28923	1,28
551	(14161, 17668)	0,25	45726x57050	2,61
552	(31303, 7987)	0,25	240515x61365	14,76
553	(39945, 6262)	0,25	127998x20067	2,57
554	(36307, 6886)	0,25	164679x31232	5,14
556	(22506, 11114)	0,25	78205x38620	3,02
557	(15827, 15827)	0,25	83310x34937	2,91
559	(26358, 9490)	0,25	55484x19977	1,11
560	(16544, 15130)	0,25	48574x44423	2,16
562	(35399, 7063)	0,25	118846x23713	2,82
564	(24982, 10020)	0,25	67685x27148	1,84
565	(25512, 9811)	0,25	54330x20894	1,14
566	(12460, 20079)	0,25	31751x51164	1,62
567	(15827, 15827)	0,25	34349x34349	1,18
568	(21712, 11516)	0,25	99412x52727	5,24
571	(22262, 11232)	0,25	91849x23973	2,20
572	(33629, 7444)	0,25	95176x21069	2,01
573	(21828, 11464)	0,25	34224x17974	0,62
578	(21272, 11754)	0,25	62920x30663	1,93
579	(18113, 13809)	0,25	106698x81348	8,68
615	(47779, 18867)	0,90	25177x9942	0,25
620	(69128, 30494)	2,11	23822x10508	0,25
622	(156321, 14084)	2,20	52710x4749	0,25
626	(57723, 13473)	0,78	32750x7644	0,25
657	(41804, 16547)	0,69	25144x9953	0,25
658	(42476, 18960)	0,81	19376x12917	0,25
659	(42476, 18960)	0,81	19376x12917	0,25
660	(42476, 18960)	0,81	19376x12917	0,25
661	(42476, 18960)	0,81	19376x12917	0,25
662	(42476, 18960)	0,81	19376x12917	0,25
663	(42476, 18960)	0,81	19376x12917	0,25
664	(42476, 18960)	0,81	19376x12917	0,25
665	(42476, 18960)	0,81	19376x12917	0,25
666	(42476, 18960)	0,81	19376x12917	0,25
667	(43008, 43008)	1,85	15827x15827	0,25
668	(42600, 71000)	3,02	12255x20425	0,25
670	(41035, 51134)	2,10	14173x17661	0,25
680	(84724, 33764)	2,86	25061x9987	0,25
779	(61744, 30595)	1,89	22474x11136	0,25
780	(66286, 15878)	1,05	32325x7743	0,25
781	(61744, 21059)	1,30	27091x9240	0,25
783	(61744, 17027)	1,05	30127x8308	0,25
791	(35869, 30307)	1,09	17211x14542	0,25
799	(61943, 20229)	1,25	27684x9041	0,25
805	(111870, 15769)	1,76	42140x5940	0,25
819	(59871, 17627)	1,06	29159x8585	0,25
823	(102902, 29051)	2,99	29775x8406	0,25
825	(105947, 25046)	2,65	32538x7692	0,25
828	(53923, 14480)	0,78	30533x8199	0,25
831	(50838, 24943)	1,27	22587x11082	0,25
834	(82677, 14117)	1,17	38290x6538	0,25
839	(96856, 46741)	4,53	22775x10991	0,25
840	(105101, 31665)	3,33	28824x8684	0,25
847	(84213, 29180)	2,46	26877x9313	0,25
848	(55752, 29180)	1,63	21869x11446	0,25
849	(69425, 17631)	1,22	31395x7973	0,25
852	(46059, 26241)	1,21	20961x11942	0,25
855	(87821, 23546)	2,07	30554x8192	0,25
868	(41415, 17942)	0,74	24036x10413	0,25
872	(97287, 26577)	2,59	30269x8269	0,25
874	(79738, 16969)	1,35	34295x7298	0,25
878	(58820, 27530)	1,62	23125x10823	0,25
882	(45279, 24249)	1,10	21619x11578	0,25
902	(57593, 15699)	0,90	30302x8260	0,25
909	(44907, 22280)	1,00	22462x11144	0,25
913	(49375, 20399)	1,01	24614x10169	0,25
916	(37487, 27297)	1,02	18540x13500	0,25
920	(50475, 20080)	1,01	15827x15827	0,25
926	(83811, 55825)	4,68	19385x12912	0,25
927	(27913, 55824)	1,56	11187x22373	0,25
929	(55825, 55825)	3,12	15827x15827	0,25
964	(61223, 57001)	3,49	16396x15265	0,25
977	(31518, 24310)	0,77	17646x14184	0,25
1043	(44384, 44507)	1,98	15799x15843	0,25
1046	(56268, 24869)	1,40	23798x10518	0,25
1047	(48765, 32937)	1,61	19250x13002	0,25
1049	(62406, 38460)	2,40	20153x12420	0,25
1056	(45508, 28896)	1,31	19855x12607	0,25
1057	(47516, 31111)	1,48	19552x12802	0,25
1058	(59637, 31674)	1,89	21709x11530	0,25
1064	(43946, 45600)	2,00	15531x16116	0,25
1084	(46415, 25528)	1,18	21333x11733	0,25
1085	(46234, 25573)	1,18	21272x11766	0,25
1089	(81557, 49846)	4,07	20236x12368	0,25
1090	(38276, 31993)	1,22	17305x14464	0,25
1098	(55954, 40684)	2,28	18553x13490	0,25
1102	(50622, 16874)	0,85	27402x9134	0,25
1103	(50622, 16874)	0,85	27402x9134	0,25
1105	(71403, 59671)	4,26	17307x14463	0,25
1113	(76121, 14756)	1,12	35932x6965	0,25
1115	(45409, 15095)	0,69	27439x9121	0,25
1120	(53672, 13952)	0,75	31029x8066	0,25
1124	(54342, 23145)	1,26	24242x10325	0,25
1136	(29518, 8480)	0,25	53589x15396	0,83
1137	(26783, 9337)	0,25	131137x45715	5,99
1138	(24207, 10341)	0,25	111956x47827	5,35
1141	(31373, 7972)	0,25	61413x15606	0,96
1142	(15827, 15827)	0,25	55167x55167	3,04
1143	(26858, 9309)	0,25	78833x27323	2,15
1144	(31920, 7837)	0,25	57730x14173	0,82
1145	(21887, 11437)	0,25	39361x20568	0,81
1146	(20292, 12340)	0,25	74000x45000	3,33
1148	(22925, 10913)	0,25	99696x47461	4,73
1149	(18601, 13441)	0,25	70273x50778	3,57
1150	(21161, 11823)	0,25	47652x26624	1,27
1151	(14495, 10370)	0,15	54235x38802	2,10
1152	(22811, 10973)	0,25	43500x20925	0,91
1153	(15159, 16506)	0,25	34941x38045	1,33
1154	(14114, 17729)	0,25	43997x55264	2,43
1155	(21299, 11740)	0,25	30816x16986	0,52
1156	(28110, 8894)	0,25	138868x43939	6,10
1157	(46196, 5418)	0,25	178348x20916	3,73
1158	(25268, 9907)	0,25	61237x24010	1,47
1162	(61010, 4101)	0,25	145221x9761	1,42
1163	(33990, 7362)	0,25	105357x22819	2,40
1164	(23386, 10698)	0,25	113850x52083	5,93
1165	(38396, 6514)	0,25	140958x23913	3,37
1166	(21413, 11681)	0,25	62337x34006	2,12
1167	(18336, 13642)	0,25	39496x29385	1,16
1168	(17001, 14728)	0,25	34247x29669	1,02
1169	(56866, 4403)	0,25	165555x12819	2,12
1170	(35967, 6952)	0,25	286451x55367	15,86
1171	(23061, 10848)	0,25	118126x55570	6,56
1172	(33629, 7444)	0,25	95176x21069	2,01
1173	(27393, 9138)	0,25	109422x36503	3,99
1176	(29010, 8628)	0,25	102028x30345	3,10
1191	(19370, 12913)	0,25	40733x42492	1,73
1192	(18832, 13290)	0,25	85420x60283	5,15
1202	(12682, 19738)	0,25	28188x43871	1,24
1236	(20201, 12391)	0,25	52621x32277	1,70
1259	(19470, 12855)	0,25	33968x22428	0,76
1293	(39053, 29679)	1,16	18148x13792	0,25
1302	(34239, 25609)	0,88	18293x13682	0,25
1304	(30383, 30383)	0,92	15827x15827	0,25
1312	(27315, 28528)	0,78	15481x16168	0,25
1318	(46556, 22292)	1,04	22863x10947	0,25
1319	(61152, 45368)	2,77	18368x13627	0,25
1326	(61152, 23202)	1,42	25684x9745	0,25
1327	(43730, 34948)	1,53	17697x14143	0,25
1331	(30040, 47873)	1,44	12532x19972	0,25
1335	(44667, 40052)	1,79	16707x14981	0,25
1337	(20115, 40052)	0,81	11212x22325	0,25
1339	(44667, 17578)	0,79	25220x9925	0,25
1345	(44759, 43813)	1,96	15991x15653	0,25
1350	(29209, 43813)	1,28	12918x19377	0,25
1358	(21332, 30745)	0,66	13178x18993	0,25
1364	(34254, 37245)	1,28	15172x16497	0,25
1365	(42373, 16477)	0,70	25371x9866	0,25
1370	(42671, 29485)	1,26	19032x13151	0,25
1375	(31372, 32049)	1,01	15653x15991	0,25
1397	(45391, 29911)	1,36	19490x12843	0,25
1402	(47619, 18919)	0,90	25099x9972	0,25
1406	(33450, 24589)	0,82	18452x13564	0,25
1434	(30292, 49637)	1,50	12359x20252	0,25
1435	(48278, 26878)	1,30	21203x11804	0,25
1436	(99004, 56481)	5,59	20946x11950	0,25
1441	(73181, 73752)	5,40	15759x15882	0,25
1446	(40249, 27791)	1,12	19039x13146	0,25
1548	(28203, 28203)	0,80	15827x15827	0,25
1553	(38351, 21981)	0,84	20897x11977	0,25
1555	(37338, 37337)	1,39	15827x15826	0,25
1558	(15827, 15827)	0,25	39437x39437	1,56
1570	(28542, 28663)	0,82	15787x15854	0,25
1578	(27264, 27265)	0,74	15827x15827	0,25
1586	(45141, 26308)	1,19	20724x12078	0,25
1594	(12307, 8533)	0,10	12307x8533	0,11
1599	(34056, 33896)	1,15	15827x15827	0,25
1611	(19417, 12890)	0,25	43292x28739	1,24
1612	(17142, 14602)	0,25	59788x50928	3,04
1613	(21886, 11436)	0,25	39361x20568	0,81
1618	(27940, 31488)	0,88	14903x16795	0,25
1622	(31322, 31156)	0,98	15911x15827	0,25
1641	(30674, 32221)	0,99	28881x7115	0,21
1646	(17835, 14033)	0,25	35279x27758	0,98
1664	(19515, 12825)	0,25	74326x48847	3,63
1665	(15827, 15827)	0,25	38344x38344	1,47
1666	(30653, 8166)	0,25	74326x19800	1,47
1670	(39011, 52861)	2,06	13591x18416	0,25
1673	(18130, 13805)	0,25	43091x34191	1,47
1678	(15931, 15712)	0,25	29877x29466	0,88
1684	(28702, 24254)	0,70	17210x14543	0,25
1687	(86613, 83659)	7,25	16098x15549	0,25
1688	(35340, 35340)	1,25	15827x15827	0,25
1689	(97049, 40399)	3,92	24521x10207	0,25
1692	(59058, 25485)	1,51	24084x10393	0,25
1694	(118521, 118393)	14,03	15829x15811	0,25
1700	(19894, 12581)	0,25	28129x17789	0,50
1718	(16017, 15626)	0,25	33940x33112	1,12
1719	(14284, 17523)	0,25	21433x26294	0,56
1720	(15717, 15925)	0,25	41718x42270	1,76
1721	(14283, 17523)	0,25	21577x26471	0,57
1722	(17302, 14467)	0,25	36353x30396	1,10
1742	(17324, 14448)	0,25	24514x20445	0,50
1744	(25417, 22593)	0,57	16780x14916	0,25
1749	(15471, 16178)	0,25	30203x31583	0,95
1754	(21609, 23955)	0,52	15026x16657	0,25
1762	(18610, 13450)	0,25	37647x27208	1,02
1763	(18610, 13450)	0,25	37647x27208	1,02
1779	(12238, 20451)	0,25	28737x48023	1,38
1780	(12238, 20451)	0,25	28737x48023	1,38
1781	(12918, 19377)	0,25	22355x33532	0,75
1782	(12918, 19377)	0,25	22821x34231	0,78
1787	(20418, 12258)	0,25	33502x20113	0,67
1788	(20418, 12258)	0,25	33502x20113	0,67
1796	(21721, 29981)	0,65	13466x18587	0,25
1807	(25297, 25292)	0,64	15827x15824	0,25
1810	(24478, 21325)	0,52	17034x14694	0,25
1811	(26856, 26824)	0,72	15830x15811	0,25
1814	(16071, 15575)	0,25	29725x28807	0,86
1816	(15932, 15711)	0,25	27972x27584	0,77
1823	(30000, 23860)	None	17740x14109	0,25
1828	(23226, 23226)	None	15827x15827	0,25
1829	(24000, 24000)	None	15827x15827	0,25
1835	(15827, 15827)	None	23800x23800	0,57
1836	(17740, 14110)	None	30000x23861	0,72
1839	(26000, 26000)	None	15827x15827	0,25
1841	(27000, 26513)	None	15965x15677	0,25
1844	(26000, 26000)	None	15827x15827	0,25
1846	(30000, 23861)	None	17739x14109	0,25
1847	(26000, 26000)	None	15827x15827	0,25
1848	(26000, 26000)	None	15827x15827	0,25
1849	(26000, 26000)	None	15827x15827	0,25
1862	(14187, 17644)	0,25	21375x26583	0,57
1864	(34183, 7322)	0,25	71760x15371	1,10
1865	(24403, 10257)	0,25	36568x15370	0,56
1875	(55000, 21456)	1,18	25330x9881	0,25
1878	(48500, 20964)	1,02	24063x10401	0,25
1879	(34786, 29433)	1,02	17200x14553	0,25
1886	(27439, 28217)	0,77	15601x16043	0,25
1888	(27560, 38008)	1,05	13472x18579	0,25
1889	(24266, 26879)	0,65	15032x16651	0,25
1895	(25573, 9787)	None	103720x39695	4,12
1896	(25296, 9894)	None	71392x27924	1,99
1899	(25538, 9801)	None	69556x26694	1,86
1900	(25597, 9779)	None	70294x26854	1,89
1901	(24300, 10240)	0,25	53323x22471	1,20
1913	(17979, 13922)	None	50928x39435	2,01
1917	(12780, 19585)	0,25	21711x33272	0,72
1918	(19700, 12705)	0,25	28605x18448	0,53
1919	(15271, 16391)	0,25	32121x34477	1,11
1926	(12199, 20517)	0,25	29407x49458	1,45
1927	(14837, 16869)	0,25	27496x31262	0,86
1928	(23343, 10723)	0,25	39510x18149	0,72
1942	(200, 90)	0,25	23622x10630	0,25
1943	(15834, 15807)	0,25	31174x31121	0,97
1945	(16003, 15640)	0,25	64254x62796	4,03
1946	(15827, 15827)	0,25	44033x44033	1,94
1949	(15897, 15744)	0,25	38864x38489	1,50
1952	(34697, 16484)	0,57	22953x10905	0,25
1955	(33029, 7578)	0,25	76322x17511	1,34
1957	(46734, 17511)	0,82	25845x9684	0,25
1965	(16605, 31540)	0,52	11479x21804	0,25
1966	(16605, 31540)	0,52	11479x21804	0,25
1969	(45450, 18441)	0,84	24837x10077	0,25
1970	(29045, 25584)	0,74	16857x14848	0,25
1971	(29045, 25584)	0,74	16857x14848	0,25
1979	(28806, 19147)	0,55	19405x12898	0,25
1981	(20716, 12082)	0,25	38295x22334	0,86
1982	(26528, 9436)	0,25	38295x13621	0,52
1985	(16414, 15249)	0,25	26988x25073	0,68
1987	(18151, 13789)	0,25	27832x21144	0,59
1997	(15688, 15954)	0,25	25481x25913	0,66
2001	(26650, 28824)	0,77	15212x16453	0,25
2004	(30449, 29270)	0,89	16136x15511	0,25
2006	(24616, 20798)	0,51	17212x14542	0,25
2009	(33316, 33754)	1,12	15718x15925	0,25
2011	(23992, 26899)	0,65	14942x16752	0,25
2017	(24597, 10175)	0,25	37309x15434	0,58
2023	(20510, 12203)	0,25	32355x19251	0,62
2024	(55397, 4518)	0,25	130695x10659	1,39
2028	(15826, 15827)	0,25	25048x25049	0,63
2036	(26911, 19094)	0,51	18782x13326	0,25
2038	(38554, 20065)	0,77	21930x11413	0,25
2041	(28710, 19185)	0,55	19354x12933	0,25
2042	(25176, 23402)	0,59	16409x15253	0,25
2066	(46026, 20756)	0,96	15080x12880	0,19
2067	(23401, 10696)	0,25	63961x29234	1,87
2068	(18935, 13219)	0,25	39617x27657	1,10
2069	(39384, 27112)	1,07	19068x13126	0,25
2070	(47935, 21640)	1,04	23547x10630	0,25
2074	(39002, 13955)	0,54	26449x9464	0,25
2076	(39002, 26418)	1,03	19223x13021	0,25
2078	(32224, 32730)	1,05	15698x15945	0,25
2081	(27440, 22161)	0,61	17605x14218	0,25
2083	(27440, 22161)	0,61	17605x14218	0,25
2085	(31167, 16589)	0,52	21685x11542	0,25
2086	(31167, 16589)	0,52	21685x11542	0,25
2098	(24260, 10317)	0,25	63236x26892	1,70
2099	(18935, 13219)	0,25	38521x26892	1,04
2107	(39325, 13189)	0,52	22877x10941	0,25
2113	(25570, 9788)	0,25	84230x32242	2,72
2114	(20487, 12218)	0,25	34484x20566	0,71
2121	(17126, 29528)	0,51	12049x20774	0,25
2126	(29803, 17409)	0,52	20700x12092	0,25
2129	(11428, 21903)	0,25	17126x29528	0,51
2130	(15827, 15827)	0,25	23622x23622	0,56
2133	(9601, 26071)	0,25	14138x38392	0,54
2135	(31470, 7953)	0,25	60974x15409	0,94
2136	(32493, 7703)	0,25	71022x16836	1,20
2141	(8801, 28438)	0,25	17830x57611	1,03
2142	(9895, 25295)	0,25	15610x39904	0,62
2151	(66972, 17252)	1,16	31172x8030	0,25
2152	(45641, 11339)	0,52	31741x7886	0,25
2156	(82139, 22943)	1,88	29935x8361	0,25
2157	(51544, 15305)	0,79	29034x8621	0,25
2158	(45691, 16705)	0,76	26165x9566	0,25
2160	(38726, 16780)	0,65	24034x10414	0,25
2162	(35152, 15876)	0,56	23541x10632	0,25
2169	(36819, 14001)	0,52	25656x9756	0,25
2171	(57202, 18544)	1,06	27787x9008	0,25
2172	(69180, 18770)	1,30	30374x8241	0,25
2173	(39778, 15053)	0,60	25717x9732	0,25
2175	(37360, 15992)	0,60	24182x10351	0,25
2178	(51583, 19526)	1,01	25714x9734	0,25
2186	(24128, 22396)	0,54	16421x15242	0,25
2187	(30068, 18749)	0,56	20035x12493	0,25
2188	(45235, 14054)	0,64	28384x8819	0,25
2191	(41455, 24618)	1,02	20530x12192	0,25
2192	(60364, 23678)	1,43	25261x9909	0,25
2194	(50865, 13322)	0,68	30913x8096	0,25
2196	(23678, 23677)	0,56	15827x15826	0,25
2197	(125095, 23514)	2,94	36490x6859	0,25
2198	(68072, 15156)	1,03	33528x7465	0,25
2199	(43849, 15156)	0,66	26909x9301	0,25
2210	(97738, 22568)	2,21	32923x7602	0,25
2211	(52296, 14267)	0,75	30289x8263	0,25
2214	(31073, 43766)	1,36	13331x18777	0,25
2215	(40476, 38452)	1,56	16232x15420	0,25
2216	(40476, 22293)	0,90	21317x11741	0,25
2217	(33370, 23838)	0,80	18718x13371	0,25
2219	(39628, 17706)	0,70	23668x10575	0,25
2228	(31573, 19220)	0,61	20278x12344	0,25
2230	(33597, 29286)	0,98	16945x14771	0,25
2231	(19211, 29286)	0,56	12814x19534	0,25
2233	(60432, 26423)	1,60	23925x10461	0,25
2234	(44698, 33417)	1,49	18297x13679	0,25
2235	(37189, 16808)	0,63	23533x10636	0,25
2237	(48794, 21382)	1,04	23900x10473	0,25
2242	(48794, 34107)	1,66	18923x13227	0,25
2244	(28675, 21875)	0,63	18113x13818	0,25
2247	(52913, 35904)	1,90	19206x13032	0,25
2249	(53756, 28592)	1,54	21693x11538	0,25
2262	(36729, 27929)	1,03	18143x13796	0,25
2263	(45503, 24243)	1,10	21675x11548	0,25
2264	(23614, 30853)	0,73	13841x18084	0,25
2265	(47764, 17271)	0,82	26310x9513	0,25
2266	(36160, 31017)	1,12	17082x14652	0,25
2267	(26359, 23437)	0,62	16778x14918	0,25
2268	(59698, 15113)	0,90	31443x7960	0,25
2269	(42048, 15299)	0,64	26264x9530	0,25
2270	(45034, 18434)	0,83	24728x10122	0,25
2284	(54336, 37424)	2,03	19063x13130	0,25
2285	(36073, 28459)	1,03	17812x14052	0,25
2286	(43769, 19445)	0,85	23736x10545	0,25
2290	(44993, 24809)	1,12	21306x11748	0,25
2291	(24809, 24809)	0,62	15827x15827	0,25
2304	(11961, 20925)	0,25	18940x33135	0,63
2305	(19092, 13110)	0,25	27864x19134	0,53
2306	(17163, 14584)	0,25	37292x31688	1,18
2307	(22678, 11037)	0,25	53349x25964	1,39
2308	(28204, 8875)	0,25	57363x18050	1,04
2309	(20013, 12507)	0,25	32295x20182	0,65
2310	(102586, 24149)	2,48	32608x7676	0,25
2311	(61653, 20976)	1,29	27123x9228	0,25
2312	(62660, 24149)	1,51	25484x9821	0,25
2313	(102586, 12805)	1,31	44780x5590	0,25
2314	(54502, 24615)	1,34	23541x10632	0,25
2315	(50341, 18366)	0,92	26193x9556	0,25
2316	(74926, 24615)	1,84	27602x9068	0,25
2318	(49956, 10193)	0,51	35025x7146	0,25
2326	(26710, 9371)	0,25	56301x19753	1,11
2327	(24651, 10154)	0,25	40360x16624	0,67
2328	(18100, 13829)	0,25	25853x19753	0,51
2336	(81169, 20146)	1,64	31757x7882	0,25
2337	(65630, 13208)	0,87	35266x7097	0,25
2338	(34241, 16233)	0,56	22977x10893	0,25
2339	(42192, 14163)	0,60	27307x9166	0,25
2340	(34722, 15860)	0,55	23408x10692	0,25
2341	(88894, 22579)	2,01	31392x7974	0,25
2342	(54934, 13035)	0,72	32478x7707	0,25
2344	(69044, 7927)	0,55	46692x5361	0,25
2345	(63696, 18236)	1,16	29567x8465	0,25
2346	(30200, 18960)	0,57	19967x12536	0,25
2347	(54428, 13543)	0,74	31717x7892	0,25
2352	(54480, 20083)	1,09	26058x9606	0,25
2353	(45127, 14119)	0,64	28284x8849	0,25
2371	(80301, 20559)	1,65	31267x8005	0,25
2372	(64067, 12459)	0,80	35876x6977	0,25
2373	(27915, 19433)	0,54	18961x13200	0,25
2374	(78483, 6681)	0,52	54225x4616	0,25
2383	(55742, 24015)	1,34	24103x10384	0,25
2384	(57387, 16632)	0,95	29387x8517	0,25
2390	(36303, 15039)	0,55	24581x10183	0,25
2392	(39224, 15361)	0,60	25281x9901	0,25
2396	(45013, 16600)	0,75	26052x9608	0,25
2399	(63428, 19075)	1,21	28849x8676	0,25
2403	(76034, 22947)	1,74	28798x8691	0,25
2405	(26335, 20022)	0,53	18145x13795	0,25
2406	(64462, 23629)	1,52	26131x9579	0,25
2407	(44095, 21758)	0,96	22522x11113	0,25
2408	(38838, 19152)	0,74	22530x11110	0,25
2409	(76034, 8230)	0,63	48087x5205	0,25
2410	(62447, 20022)	1,25	27941x8959	0,25
2411	(62447, 8760)	0,55	42242x5926	0,25
2412	(64462, 8223)	0,53	44295x5650	0,25
2428	(26150, 9572)	0,25	68691x25144	1,73
2454	(69536, 22230)	1,55	27980x8945	0,25
2456	(68691, 19299)	1,33	29848x8386	0,25
2457	(54530, 24767)	1,35	23475x10662	0,25
2458	(47722, 20488)	0,98	24145x10366	0,25
2459	(65099, 20453)	1,33	28226x8868	0,25
2460	(65099, 8326)	0,54	44239x5658	0,25
2461	(71535, 19641)	1,41	30193x8290	0,25
2462	(37305, 14420)	0,54	25446x9836	0,25
2463	(87824, 20908)	1,84	32424x7719	0,25
2464	(63238, 13762)	0,87	33913x7380	0,25
2465	(53486, 20680)	1,11	25443x9837	0,25
2466	(41578, 13382)	0,56	27886x8975	0,25
2468	(63817, 15162)	0,97	32457x7711	0,25
2469	(46695, 20010)	0,93	24168x10357	0,25
2470	(46695, 10926)	0,51	32707x7653	0,25
2471	(39191, 15286)	0,60	25332x9880	0,25
2472	(36588, 15655)	0,57	24187x10349	0,25
2490	(64250, 21560)	1,39	27311x9165	0,25
2491	(33095, 21560)	0,71	19601x12769	0,25
2492	(64250, 15360)	0,99	32358x7736	0,25
2493	(52726, 17897)	0,94	27154x9217	0,25
2494	(66679, 24521)	1,64	26089x9594	0,25
2495	(66679, 14746)	0,98	33642x7440	0,25
2496	(55454, 20026)	1,11	26326x9507	0,25
2497	(43154, 12825)	0,55	29021x8625	0,25
2498	(72907, 28647)	2,09	25239x9917	0,25
2499	(55345, 18681)	1,03	27232x9192	0,25
2500	(49752, 15424)	0,77	28414x8809	0,25
2501	(80266, 28501)	2,29	26550x9427	0,25
2502	(43187, 21387)	0,92	22481x11133	0,25
2503	(80266, 16598)	1,33	34791x7194	0,25
2504	(40478, 12729)	0,52	28213x8872	0,25
2505	(71971, 19449)	1,40	30433x8224	0,25
2522	(53817, 50906)	2,74	16267x15387	0,25
2523	(58746, 60490)	3,55	15591x16054	0,25
2524	(40809, 35955)	1,47	16855x14850	0,25
2525	(48545, 24576)	1,19	22236x11257	0,25
2526	(24556, 47143)	1,16	11418x21920	0,25
2527	(42083, 22378)	0,94	21696x11537	0,25
2528	(21141, 27576)	0,58	13852x18068	0,25
2529	(45711, 46067)	2,11	15759x15882	0,25
2530	(56330, 31040)	1,75	21312x11744	0,25
2531	(30672, 53349)	1,64	11996x20865	0,25
2532	(40249, 43202)	1,74	15271x16391	0,25
2533	(46662, 25224)	1,18	21518x11632	0,25
2546	(50237, 36410)	1,83	18584x13469	0,25
2547	(44490, 45450)	2,02	15653x15991	0,25
2548	(30521, 51232)	1,56	12211x20497	0,25
2560	(14533, 17222)	0,25	39763x47120	1,87
2561	(18583, 13469)	0,25	49888x36159	1,80
2562	(16775, 14921)	0,25	43947x39089	1,72
2563	(22841, 10958)	0,25	53217x25531	1,36
2564	(12006, 20848)	0,25	29565x51338	1,52
2565	(15634, 16009)	0,25	54508x55815	3,04
2567	(72672, 21582)	1,57	29031x8622	0,25
2568	(44874, 21582)	0,97	22813x10972	0,25
2569	(56301, 19694)	1,11	26750x9357	0,25
2570	(60157, 12285)	0,74	35008x7149	0,25
2571	(58581, 13720)	0,80	32692x7657	0,25
2572	(52225, 36245)	1,89	18991x13180	0,25
2573	(27761, 24793)	0,69	16741x14951	0,25
2574	(37589, 25092)	0,94	19364x12926	0,25
2575	(37589, 15991)	0,60	24256x10319	0,25
2576	(40693, 22838)	0,93	21118x11852	0,25
2577	(27793, 22838)	0,63	17453x14341	0,25
2589	(18255, 13712)	0,25	29149x21895	0,64
2600	(27800, 18008)	0,50	19656x12733	0,25
2601	(27800, 18008)	0,50	19656x12733	0,25
2602	(27800, 18008)	0,50	19656x12733	0,25
2603	(27800, 18008)	0,50	19656x12733	0,25
2604	(27800, 18008)	0,50	19656x12733	0,25
2641	(37400, 13585)	0,51	26250x9535	0,25
2645	(15540, 16107)	0,25	57960x60075	3,48
2646	(16907, 14804)	0,25	33318x29173	0,97
2647	(19272, 12988)	0,25	40564x27337	1,11
2648	(26465, 9458)	0,25	59759x21356	1,28
2649	(33065, 7569)	0,25	125752x28788	3,62
2650	(40175, 6230)	0,25	123476x19147	2,36
2651	(21463, 11661)	0,25	42838x23274	1,00
2652	(16380, 15281)	0,25	45590x42532	1,94
2653	(27839, 8991)	0,25	52217x16864	0,88
2654	(21484, 11650)	0,25	45455x24649	1,12
2655	(16036, 15608)	0,25	27525x26791	0,74
2656	(14993, 16695)	0,25	24059x26791	0,64
2657	(15667, 15975)	0,25	58005x59144	3,43
2673	(64531, 15488)	1,00	32294x7751	0,25
2674	(52161, 9713)	0,51	36663x6827	0,25
2678	(54809, 22804)	1,25	24528x10205	0,25
2682	(17197, 14555)	0,25	35185x29780	1,05
2683	(21703, 11532)	0,25	34391x18274	0,63
2684	(22609, 11070)	0,25	35194x17232	0,61
2685	(22609, 11070)	0,25	35194x17232	0,61
2686	(19555, 12800)	0,25	29425x19261	0,57
2687	(19555, 12800)	0,25	29425x19261	0,57
2688	(21703, 11532)	0,25	34391x18274	0,63
2689	(22609, 11070)	0,25	35194x17232	0,61
2690	(22609, 11070)	0,25	35194x17232	0,61
2691	(29797, 8400)	0,25	50435x14218	0,72
2692	(33839, 7397)	0,25	60359x13194	0,80
2720	(39943, 14967)	0,60	25846x9685	0,25
2721	(60179, 22550)	1,36	25846x9685	0,25
2724	(19757, 12668)	0,25	29999x19235	0,58
2726	(12849, 19481)	0,25	22262x33752	0,75
2741	(12867, 19452)	0,25	29337x44350	1,30
2742	(14477, 17289)	0,25	29337x35035	1,03
2743	(114230, 27710)	3,17	32121x7792	0,25
2744	(86973, 27710)	2,41	28028x8930	0,25
2752	(15846, 15795)	0,25	33895x33786	1,15
2768	(25094, 9974)	0,25	36210x14392	0,52
2777	(42276, 12810)	0,54	28741x8709	0,25
2779	(70302, 17532)	1,23	31681x7901	0,25
2780	(55878, 12917)	0,72	32905x7606	0,25
2782	(56433, 9362)	0,53	38844x6444	0,25
2783	(50168, 10566)	0,53	34473x7260	0,25
2784	(62237, 23188)	1,44	25919x9657	0,25
2785	(45646, 15653)	0,71	27017x9265	0,25
2816	(40147, 6234)	0,25	57611x8946	0,52
2817	(29088, 8604)	0,25	68077x20137	1,37
2818	(37813, 6619)	0,25	57385x10045	0,58
2819	(49294, 5078)	0,25	125055x12882	1,61
2820	(33171, 7546)	0,25	56628x12882	0,73
2821	(31352, 7983)	0,25	57206x14566	0,83
2822	(31352, 7983)	0,25	57206x14566	0,83
2823	(32518, 7697)	0,25	59612x14110	0,84
2824	(31462, 7956)	0,25	58114x14695	0,85
2825	(27455, 9117)	0,25	42441x14093	0,60
2826	(30076, 8323)	0,25	49176x13608	0,67
2827	(31482, 7951)	0,25	57510x14524	0,84
2828	(30545, 8194)	0,25	58872x15793	0,93
2829	(29342, 8531)	0,25	41668x12114	0,50
2830	(30260, 8272)	0,25	55019x15040	0,83
2831	(37949, 6596)	0,25	55019x9563	0,53
2832	(33539, 7463)	0,25	64009x14243	0,91
2833	(30207, 8286)	0,25	57203x15691	0,90
2834	(38991, 6419)	0,25	71702x11804	0,85
2835	(25646, 9759)	0,25	53071x20195	1,07
2836	(26748, 9357)	0,25	59449x20797	1,24
2837	(38567, 6490)	0,25	59449x10004	0,59
2838	(15827, 15827)	None	60000x60000	3,60
2839	(15827, 15827)	None	50000x50000	2,50
2841	(51920, 14557)	0,76	29878x8377	0,25
2843	(55722, 16010)	0,89	29514x8480	0,25
2844	(65362, 24090)	1,57	26060x9605	0,25
2845	(58119, 10712)	0,62	36851x6792	0,25
2846	(63200, 14697)	0,93	32807x7629	0,25
2847	(57570, 9148)	0,53	39689x6307	0,25
2848	(49131, 14433)	0,71	29190x8575	0,25
2850	(55747, 14311)	0,80	31225x8016	0,25
2852	(51702, 14399)	0,74	29978x8349	0,25
2854	(53963, 17556)	0,95	27738x9024	0,25
2877	(115680, 13081)	1,51	47047x5320	0,25
2878	(89568, 13081)	1,17	41398x6046	0,25
2879	(62663, 29676)	1,86	22989x10887	0,25
2880	(55418, 21058)	1,17	25666x9753	0,25
2881	(72317, 17322)	1,25	32326x7743	0,25
2882	(60042, 12685)	0,76	34421x7272	0,25
2883	(61491, 15918)	0,98	31094x8049	0,25
2894	(132661, 12593)	1,67	51348x4874	0,25
2895	(144738, 14623)	2,12	49775x5029	0,25
2896	(46354, 14623)	0,68	28168x8886	0,25
2897	(40502, 14623)	0,59	26329x9506	0,25
2898	(55284, 14074)	0,78	31355x7982	0,25
2899	(55284, 14074)	0,78	31355x7982	0,25
2903	(31855, 18729)	0,60	20633x12131	0,25
2904	(40383, 15076)	0,61	25893x9667	0,25
2922	(31145, 8036)	0,25	70603x18217	1,29
2923	(31145, 8036)	0,25	70603x18217	1,29
2924	(31637, 7911)	0,25	113820x28461	3,24
2925	(25855, 9681)	0,25	38006x14231	0,54
2926	(31301, 7997)	0,25	74615x19062	1,42
2927	(36318, 6891)	0,25	56206x10665	0,60
2928	(16376, 15285)	0,25	48296x45077	2,18
2929	(16396, 15266)	0,25	43716x40702	1,78
2930	(21466, 11660)	0,25	40663x22088	0,90
2931	(15647, 15997)	0,25	59552x60884	3,63
2932	(16177, 15473)	0,25	44280x42352	1,88
2933	(25382, 9861)	0,25	59644x23172	1,38
2934	(12285, 20373)	0,25	32249x53480	1,72
2935	(31548, 7934)	0,25	126052x31701	4,00
2936	(21720, 11524)	0,25	46123x24471	1,13
2937	(15383, 16271)	0,25	58168x61526	3,58
2938	(20097, 12454)	0,25	46332x28712	1,33
2939	(21550, 11614)	0,25	31137x16781	0,52
2940	(14973, 16717)	0,25	39152x43713	1,71
2941	(22108, 11322)	0,25	56792x29085	1,65
2942	(11080, 22590)	0,25	29339x59816	1,75
2943	(32911, 7606)	0,25	111616x25794	2,88
2944	(16021, 15622)	0,25	50830x49564	2,52
2945	(15874, 15767)	0,25	41248x40970	1,69
2946	(16268, 15385)	0,25	25470x24088	0,61
2947	(15388, 16265)	0,25	32292x34133	1,10
2948	(14011, 17865)	0,25	33720x42995	1,45
2949	(33622, 7445)	0,25	57736x12784	0,74
2950	(33028, 7578)	0,25	69312x15904	1,10
2951	(26607, 9407)	0,25	44983x15904	0,72
2998	(30192, 8290)	0,25	52583x14438	0,76
2999	(25807, 9699)	0,25	44835x16850	0,76
3000	(27670, 9046)	0,25	40064x13098	0,52
3001	(24717, 10127)	0,25	39387x16137	0,64
3002	(25043, 9995)	0,25	35963x14353	0,52
3003	(30998, 8075)	0,25	60462x15750	0,95
3004	(30147, 8302)	0,25	50236x13834	0,69
3005	(23337, 10725)	0,25	44104x20269	0,89
3006	(28567, 8762)	0,25	44104x13527	0,60
3007	(21195, 11809)	0,25	49817x27755	1,38
3008	(27826, 8995)	0,25	49817x16104	0,80
3009	(24325, 10289)	0,25	56790x24022	1,36
3010	(30705, 8151)	0,25	93587x24845	2,33
3011	(36565, 6845)	0,25	90786x16995	1,54
3013	(30925, 8093)	0,25	68033x17805	1,21
3014	(27841, 8991)	0,25	63871x20626	1,32
3040	(25141, 9955)	0,25	74808x29621	2,22
3041	(43067, 5811)	0,25	125168x16890	2,11
3042	(22153, 11299)	0,25	36100x18412	0,66
3043	(16306, 15350)	0,25	27618x25999	0,72
3072	(30549, 8194)	0,25	48871x13108	0,64
3073	(32749, 7642)	0,25	60146x14036	0,84
3074	(25739, 9725)	0,25	42747x16151	0,69
3075	(29561, 8467)	0,25	56811x16273	0,92
3076	(25890, 9668)	0,25	36595x13665	0,50
3077	(53539, 36388)	1,95	19191x13043	0,25
3079	(40890, 14972)	0,61	26145x9573	0,25
3080	(86400, 43200)	3,73	22374x11187	0,25
3081	(86400, 43200)	3,73	22374x11187	0,25
3082	(86400, 43200)	3,73	22374x11187	0,25
3083	(86400, 43200)	3,73	22374x11187	0,25
3084	(86400, 43200)	3,73	22374x11187	0,25
3085	(86400, 43200)	3,73	22374x11187	0,25
3086	(86400, 43200)	3,73	22374x11187	0,25
3087	(86400, 43200)	3,73	22374x11187	0,25
3088	(86400, 43200)	3,73	22374x11187	0,25
3089	(86400, 43200)	3,73	22374x11187	0,25
3090	(86400, 43200)	3,73	22374x11187	0,25
3091	(86400, 43200)	3,73	22374x11187	0,25
3092	(25248, 25269)	0,64	15814x15827	0,25
3093	(25248, 25269)	0,64	15814x15827	0,25
3094	(25248, 25269)	0,64	15814x15827	0,25
3095	(25248, 25269)	0,64	15814x15827	0,25
3096	(25248, 25269)	0,64	15814x15827	0,25
3097	(37342, 17646)	0,66	23015x10876	0,25
3112	(29411, 8510)	0,25	50112x14500	0,73
3113	(22149, 11301)	0,25	41880x21368	0,89
3114	(20555, 12176)	0,25	32703x19372	0,63
3119	(24049, 10408)	0,25	40260x17424	0,70
3120	(20392, 12274)	0,25	28948x17424	0,50
3121	(30637, 8169)	0,25	55248x14732	0,81
3126	(18181, 13767)	0,25	29005x21963	0,64
3127	(20222, 12378)	0,25	29005x17754	0,51
3128	(20503, 12208)	0,25	35884x21366	0,77
3129	(23897, 10474)	0,25	35884x15728	0,56
3130	(20053, 12482)	0,25	36123x22485	0,81
3139	(21091, 11867)	0,25	33243x18705	0,62
3140	(20681, 12102)	0,25	40674x23801	0,97
3141	(28603, 8750)	0,25	40674x12443	0,51
3152	(17633, 14194)	0,25	25294x20361	0,52
3153	(18470, 13551)	0,25	26563x19489	0,52
3159	(14968, 16722)	0,25	24673x27564	0,68
3172	(32871, 25984)	0,85	17794x14066	0,25
3173	(32871, 15546)	0,51	23005x10880	0,25
3176	(42673, 42547)	1,82	15844x15797	0,25
3177	(54014, 25076)	1,35	23219x10779	0,25
3178	(35081, 25076)	0,88	18713x13376	0,25
3179	(32643, 27394)	0,89	17270x14493	0,25
3180	(43001, 42830)	1,84	15852x15789	0,25
3181	(34625, 27803)	0,96	17656x14177	0,25
3182	(40362, 18448)	0,74	23401x10696	0,25
3184	(126409, 15244)	1,93	45558x5494	0,25
3185	(54194, 15244)	0,83	29831x8391	0,25
3186	(57695, 12472)	0,72	34028x7356	0,25
3188	(54014, 13945)	0,75	31136x8038	0,25
3189	(26032, 19480)	0,51	18289x13686	0,25
3190	(43246, 44046)	1,90	15676x15966	0,25
3191	(36248, 28237)	1,02	17925x13963	0,25
3192	(41082, 18499)	0,76	23576x10616	0,25
3193	(40726, 19443)	0,79	22897x10931	0,25
3194	(31430, 31171)	0,98	15886x15755	0,25
3214	(15888, 15754)	0,25	24175x23971	0,58
3215	(31166, 8031)	0,25	66146x17045	1,13
3216	(23032, 10868)	0,25	36123x17045	0,62
3217	(23032, 10868)	0,25	36122x17045	0,62
3218	(15934, 15709)	0,25	41108x40528	1,67
3219	(15296, 16363)	0,25	26390x28231	0,75
3220	(18097, 13831)	0,25	26075x19928	0,52
3221	(12277, 20386)	0,25	17367x28838	0,50
3222	(15517, 16130)	0,25	31103x32331	1,01
3223	(20533, 12190)	0,25	29193x17331	0,51
3224	(15970, 15673)	0,25	23844x23400	0,56
3225	(12383, 20212)	0,25	17540x28629	0,50
3226	(34765, 7200)	0,25	126859x26273	3,33
3227	(15726, 15915)	0,25	53820x54468	2,93
3228	(14960, 16730)	0,25	39667x44360	1,76
3229	(19284, 12979)	0,25	40911x27535	1,13
3230	(12417, 20158)	0,25	29197x47398	1,38
3231	(16318, 15339)	0,25	37669x35408	1,33
3232	(18418, 13591)	0,25	36466x26908	0,98
3277	(13696, 18276)	None	21679x28929	0,63
3279	(15885, 15756)	None	24615x24415	0,60
3280	(18186, 13764)	None	29220x22115	0,65
3281	(18083, 13841)	None	29106x22278	0,65
3285	(17745, 14105)	None	31652x25160	0,80
3286	(15283, 16377)	0,25	22235x23827	0,53
3296	(14431, 17345)	0,25	38820x46660	1,81
3297	(15599, 16046)	0,25	35042x36046	1,26
3298	(21328, 11735)	0,25	44097x24263	1,07
3299	(14291, 17514)	0,25	31717x38871	1,23
3305	(71569, 22089)	1,58	28477x8789	0,25
3306	(71569, 15233)	1,09	34293x7299	0,25
3307	(39738, 13908)	0,55	26742x9359	0,25
3328	(42416, 22078)	0,94	21928x11414	0,25
3330	(32196, 25184)	0,81	17888x13992	0,25
3332	(37101, 18508)	0,69	22399x11174	0,25
3337	(18268, 13701)	None	37492x28119	1,05
3342	(29743, 35701)	1,06	14440x17333	0,25
3343	(23941, 30000)	0,72	14133x17710	0,25
3352	(57772, 10744)	0,62	36685x6822	0,25
3360	(41050, 20886)	0,86	22180x11285	0,25
3361	(39105, 18187)	0,71	23198x10789	0,25
3365	(30841, 26893)	0,83	16942x14773	0,25
3368	(48026, 13331)	0,64	30028x8335	0,25
3369	(44016, 17742)	0,78	24919x10044	0,25
3370	(61819, 21822)	1,35	26628x9400	0,25
3372	(45065, 21369)	0,96	22974x10894	0,25
3375	(50473, 22812)	1,15	23533x10636	0,25
3376	(56263, 17885)	1,01	28061x8920	0,25
3400	(34436, 7268)	0,25	50868x10736	0,55
3402	(17061, 14663)	0,25	43997x29236	1,29
3403	(33415, 7491)	0,25	74097x16611	1,23
3404	(18296, 13680)	0,25	45221x33813	1,53
3405	(13705, 18263)	0,25	31721x42270	1,34
3414	(15491, 16158)	0,25	26364x27500	0,73
3415	(15765, 15876)	0,25	23083x23246	0,54
3416	(23706, 10558)	0,25	52282x23285	1,22
3417	(24528, 10204)	0,25	54064x22492	1,22
3418	(18493, 13535)	0,25	30732x22492	0,69
3419	(18870, 13264)	0,25	31999x22492	0,72
3420	(22971, 10896)	0,25	33922x16091	0,55
3421	(16975, 14744)	0,25	33551x29141	0,98
3430	(13346, 18754)	0,25	26537x37290	0,99
3431	(18420, 13588)	0,25	34247x25263	0,87
3432	(18700, 13386)	0,25	41796x29918	1,25
3433	(22705, 11024)	0,25	49165x23871	1,17
3434	(13323, 18787)	0,25	29611x41756	1,24
3435	(15864, 15778)	0,25	29880x29718	0,89
3436	(22510, 11120)	0,25	48749x24082	1,17
3437	(13300, 18818)	0,25	29483x41716	1,23
3438	(15854, 15788)	0,25	29706x29583	0,88
3439	(9109, 27476)	0,25	19422x58582	1,14
3440	(15793, 15849)	0,25	27877x27976	0,78
3441	(18724, 13367)	0,25	39608x28276	1,12
3442	(11177, 22395)	0,25	29832x59773	1,78
3443	(13973, 17912)	0,25	25669x32905	0,84
3444	(19531, 12815)	0,25	55578x36468	2,03
3472	(50626, 12887)	0,65	31357x7982	0,25
3473	(40525, 13712)	0,56	27198x9203	0,25
3476	(39443, 14323)	0,56	26254x9534	0,25
3477	(39449, 14327)	0,57	26252x9534	0,25
3478	(27588, 19855)	0,55	18649x13422	0,25
3480	(36401, 20228)	0,74	21223x11794	0,25
3482	(39503, 13887)	0,55	26683x9380	0,25
3484	(24964, 21069)	0,53	17221x14534	0,25
3485	(58095, 15098)	0,88	31033x8065	0,25
3486	(28900, 18526)	0,54	19760x12667	0,25
3487	(40461, 29335)	1,19	18580x13471	0,25
3500	(42520, 12758)	0,54	28882x8666	0,25
3501	(107968, 9273)	1,00	53984x4637	0,25
3502	(58095, 18785)	1,09	27823x8997	0,25
3509	(33381, 22644)	0,76	19208x13030	0,25
3510	(30471, 41394)	1,26	13574x18440	0,25
3512	(41650, 12720)	0,53	28628x8743	0,25
3514	(33496, 18168)	0,61	21482x11652	0,25
3515	(39021, 16007)	0,62	24702x10133	0,25
3517	(45202, 13395)	0,61	29062x8612	0,25
3519	(36358, 15475)	0,56	24250x10321	0,25
3520	(36454, 21406)	0,78	20645x12123	0,25
3521	(42547, 18747)	0,80	23834x10502	0,25
3522	(31749, 23931)	0,76	18222x13735	0,25
3534	(30425, 8227)	0,25	52838x14287	0,75
3549	(41084, 44603)	1,83	15184x16485	0,25
3550	(50322, 49615)	2,50	15933x15709	0,25
3552	(52434, 33024)	1,73	19935x12555	0,25
3553	(41350, 41966)	1,74	15704x15938	0,25
3554	(48498, 49170)	2,38	15712x15930	0,25
3555	(50149, 17927)	0,90	26461x9459	0,25
3556	(74905, 12484)	0,94	38754x6459	0,25
3557	(86614, 19685)	1,70	33185x7542	0,25
3558	(109665, 109728)	12,03	15816x15825	0,25
3559	(81877, 72738)	5,96	16785x14911	0,25
3560	(60613, 78164)	4,74	13932x17966	0,25
3561	(60628, 60628)	3,68	15821x15821	0,25
3562	(60628, 60628)	3,68	15821x15821	0,25
3576	(60929, 52560)	3,20	17034x14694	0,25
3577	(47395, 40761)	1,93	17060x14672	0,25
3578	(62921, 14300)	0,90	33185x7542	0,25
3579	(35612, 37532)	1,34	15411x16242	0,25
3580	(51063, 51027)	2,61	15826x15815	0,25
3582	(23627, 10594)	0,25	53576x24022	1,29
3584	(61284, 21758)	1,33	26552x9427	0,25
3585	(26811, 9335)	0,25	44009x15323	0,67
3586	(26440, 9467)	0,25	40602x14538	0,59
3588	(25799, 9702)	0,25	45165x16985	0,77
3589	(23654, 10581)	0,25	38185x17081	0,65
3590	(32023, 7816)	0,25	63772x15565	0,99
3591	(31037, 8064)	0,25	50086x13014	0,65
3592	(33329, 7510)	0,25	67367x15179	1,02
3593	(33399, 7494)	0,25	53886x12091	0,65
3594	(27547, 9086)	0,25	45932x15150	0,70
3595	(19151, 13069)	0,25	40182x27421	1,10
3597	(38058, 15884)	0,60	24489x10221	0,25
3610	(30345, 8249)	0,25	51242x13929	0,71
3612	(30537, 8196)	0,25	44618x11976	0,53
3614	(32462, 7710)	0,25	64440x15306	0,99
3616	(38916, 6432)	0,25	127520x21075	2,69
3618	(45611, 5488)	0,25	172909x20804	3,60
3620	(38000, 6587)	0,25	112417x19486	2,19
3622	(45872, 5457)	0,25	125177x14890	1,86
3624	(20242, 12383)	0,25	47243x28901	1,37
3626	(17099, 14639)	0,25	27502x23545	0,65
3628	(18421, 13588)	0,25	35519x26200	0,93
3630	(31166, 8031)	0,25	52712x13583	0,72
3632	(31625, 7915)	0,25	65288x16340	1,07
3636	(24017, 10422)	0,25	50216x21790	1,09
3638	(31895, 7848)	0,25	53772x13231	0,71
3640	(31796, 7872)	0,25	48021x11889	0,57
3642	(31741, 7886)	0,25	51002x12671	0,65
3644	(34627, 7228)	0,25	116137x24242	2,82
3646	(39495, 6337)	0,25	161173x25861	4,17
3648	(29455, 8497)	0,25	89647x25861	2,32
3650	(31130, 8041)	0,25	143986x37191	5,35
3652	(25765, 9714)	0,25	98639x37191	3,67
3654	(22832, 10963)	0,25	47590x22850	1,09
3656	(20897, 11977)	0,25	42295x24241	1,03
3658	(15503, 16146)	0,25	32381x33724	1,09
3660	(36739, 6813)	0,25	140530x26060	3,66
3662	(36068, 6940)	0,25	81477x15677	1,28
3664	(34952, 7161)	0,25	60304x12355	0,75
3678	(27335, 9156)	0,25	81373x27256	2,22
3680	(21767, 11499)	0,25	40217x21245	0,85
3683	(18549, 13494)	0,25	32267x23473	0,76
3685	(22467, 11140)	0,25	45410x22516	1,02
3687	(23796, 10518)	0,25	50472x22309	1,13
3690	(19869, 12598)	0,25	33224x21065	0,70
3692	(24948, 10033)	0,25	37178x14951	0,56
3694	(28873, 8669)	0,25	95481x28668	2,74
3696	(21164, 11827)	0,25	59595x33303	1,98
3698	(18324, 13660)	0,25	33270x24802	0,83
3703	(17613, 14210)	0,25	36236x29235	1,06
3705	(14323, 17474)	0,25	27536x33593	0,93
3707	(16762, 14932)	0,25	39525x35211	1,39
3709	(15821, 15821)	0,25	23705x23705	0,56
3712	(16754, 14939)	0,25	24910x22211	0,55
3714	(23468, 10665)	0,25	49737x22603	1,12
3716	(22323, 11213)	0,25	52094x26167	1,36
3718	(35365, 7077)	0,25	52066x10419	0,54
3720	(23147, 10814)	0,25	53068x24793	1,32
3722	(26561, 9424)	0,25	100126x35524	3,56
3724	(27476, 9110)	0,25	98510x32661	3,22
3726	(23638, 10589)	0,25	104725x46915	4,91
3728	(20955, 11945)	0,25	62318x35524	2,21
3730	(53638, 4667)	0,25	245436x21353	5,24
3732	(46529, 5379)	0,25	184701x21353	3,94
3734	(37615, 6654)	0,25	120709x21353	2,58
3757	(13514, 18522)	None	23783x32597	0,78
3760	(13627, 18367)	None	24134x32528	0,79
3763	(13621, 18376)	None	24631x33229	0,82
3767	(13499, 18542)	None	24082x33079	0,80
3769	(24581, 33229)	None	13607x18394	0,25
3772	(13496, 18546)	None	24181x33229	0,80
3775	(13567, 18450)	None	23944x32561	0,78
3778	(13634, 18359)	None	24381x32831	0,80
3781	(13595, 18410)	None	24427x33079	0,81
3783	(13617, 18380)	None	24581x33179	0,82
3786	(13554, 18466)	None	23581x32127	0,76
3789	(13552, 18470)	None	24381x33229	0,81
3792	(13508, 18529)	None	23713x32527	0,77
3795	(13469, 18582)	None	24239x33440	0,81
3798	(13479, 18570)	None	23818x32814	0,78
3801	(13561, 18456)	None	24029x32703	0,79
3804	(13597, 18407)	None	24028x32528	0,78
3807	(13543, 18481)	None	23888x32598	0,78
3810	(13523, 18508)	None	23818x32597	0,78
3813	(13551, 18470)	None	23993x32703	0,78
3817	(31507, 7944)	0,25	48327x12185	0,59
3923	(102773, 38262)	3,93	25928x9653	0,25
3925	(107851, 46389)	5,00	24123x10376	0,25
3927	(96193, 46880)	4,51	22662x11044	0,25
3940	(50000, 50000)	None	15821x15821	0,25
3942	(70000, 70000)	None	15821x15821	0,25
3944	(70000, 70000)	None	15821x15821	0,25
3946	(70000, 70000)	None	15821x15821	0,25
3948	(70000, 70000)	None	15821x15821	0,25
3950	(70000, 70000)	None	15821x15821	0,25
3952	(70000, 70000)	None	15821x15821	0,25
3954	(70000, 70000)	None	15821x15821	0,25
3956	(70000, 70000)	None	15821x15821	0,25
3960	(70000, 70000)	None	15821x15821	0,25
3962	(70000, 70000)	None	15821x15821	0,25
3966	(70000, 70000)	None	15821x15821	0,25
3968	(70000, 70000)	None	15821x15821	0,25
3970	(70000, 70000)	None	15821x15821	0,25
3972	(70000, 70000)	None	15821x15821	0,25
3975	(70000, 70000)	None	15821x15821	0,25
3977	(70000, 70000)	None	15821x15821	0,25
3979	(70000, 70000)	None	15821x15821	0,25
3982	(70000, 70000)	None	15821x15821	0,25
3984	(70000, 70000)	None	15821x15821	0,25
3986	(70000, 70000)	None	15821x15821	0,25
3988	(70000, 70000)	None	15821x15821	0,25
3994	(70000, 70000)	None	15821x15821	0,25
3996	(70000, 70000)	None	15821x15821	0,25
3999	(15821, 15821)	None	70000x70000	4,90
4001	(15821, 15821)	None	70000x70000	4,90
4002	(70000, 66385)	None	15821x15004	0,24
4004	(61626, 30522)	None	22480x11134	0,25
4006	(36755, 49254)	None	13667x18314	0,25
4009	(29411, 36729)	None	14157x17680	0,25
4011	(35729, 47983)	None	13652x18334	0,25
4013	(62126, 30742)	None	22490x11129	0,25
4015	(49053, 48581)	None	15897x15744	0,25
4017	(49695, 27354)	None	21324x11738	0,25
4020	(99124, 54971)	5,45	21245x11782	0,25
4022	(99124, 31657)	3,14	27996x8941	0,25
4024	(39443, 22179)	0,87	21098x11864	0,25
4026	(39443, 13869)	0,55	26680x9381	0,25
4028	(70000, 70000)	None	15821x15821	0,25
4030	(70000, 70000)	None	15821x15821	0,25
4032	(70000, 70000)	None	15821x15821	0,25
4034	(70000, 70000)	None	15821x15821	0,25
4036	(70000, 70000)	None	15821x15821	0,25
4038	(70000, 70000)	None	15821x15821	0,25
4040	(70000, 70000)	None	15821x15821	0,25
4042	(70000, 70000)	None	15821x15821	0,25
4044	(70000, 70000)	None	15821x15821	0,25
4046	(184390, 100527)	18,54	21427x11682	0,25
4048	(70000, 70000)	None	15821x15821	0,25
4050	(70000, 70000)	None	15821x15821	0,25
4052	(70000, 70000)	None	15821x15821	0,25
4054	(70000, 70000)	None	15821x15821	0,25
4056	(70000, 70000)	None	15821x15821	0,25
4058	(70000, 70000)	None	15821x15821	0,25
4060	(70000, 70000)	None	15821x15821	0,25
4062	(70000, 70000)	None	15821x15821	0,25
4065	(70000, 70000)	None	15821x15821	0,25
4067	(70000, 70000)	None	15821x15821	0,25
4069	(70000, 70000)	None	15821x15821	0,25
4071	(70000, 70000)	None	15821x15821	0,25
4073	(70000, 70000)	None	15821x15821	0,25
4075	(70000, 70000)	None	15821x15821	0,25
4077	(70000, 70000)	None	15821x15821	0,25
4079	(70000, 70000)	None	15821x15821	0,25
4082	(70000, 70000)	None	15821x15821	0,25
4084	(70000, 70000)	None	15821x15821	0,25
4086	(70000, 70000)	None	15821x15821	0,25
4088	(70000, 70000)	None	15821x15821	0,25
4092	(36458, 16031)	0,58	23859x10491	0,25
4094	(30449, 8220)	0,25	115538x31191	3,60
4095	(70000, 70000)	None	15821x15821	0,25
4097	(70000, 70000)	None	15821x15821	0,25
4099	(70000, 70000)	None	15821x15821	0,25
4101	(70000, 70000)	None	15821x15821	0,25
4103	(70000, 70000)	None	15821x15821	0,25
4105	(70000, 70000)	None	15821x15821	0,25
4107	(70000, 70000)	None	15821x15821	0,25
4111	(70000, 70000)	None	15821x15821	0,25
4113	(70000, 70000)	None	15821x15821	0,25
4115	(70000, 70000)	None	15821x15821	0,25
4117	(70000, 70000)	None	15821x15821	0,25
4119	(70000, 70000)	None	15821x15821	0,25
4121	(70000, 70000)	None	15821x15821	0,25
4123	(70000, 70000)	None	15821x15821	0,25
4125	(70000, 70000)	None	15821x15821	0,25
4128	(64791, 23619)	1,53	26203x9552	0,25
4132	(53761, 17554)	0,94	27686x9040	0,25
4134	(70000, 70000)	None	15821x15821	0,25
4136	(43658, 16017)	0,70	26120x9583	0,25
4138	(69150, 16007)	1,11	32882x7612	0,25
4140	(54445, 27526)	1,50	22250x11249	0,25
4142	(71724, 26163)	1,88	26194x9555	0,25
4144	(70000, 70000)	None	15821x15821	0,25
4146	(70000, 70000)	None	15821x15821	0,25
4156	(38669, 13197)	0,51	27081x9242	0,25
4158	(35125, 14842)	0,52	24338x10284	0,25
4160	(71724, 14082)	1,01	35653x7000	0,25
4162	(70000, 70000)	None	15821x15821	0,25
4164	(70000, 70000)	None	15821x15821	0,25
4166	(70000, 70000)	None	15821x15821	0,25
4168	(70000, 70000)	None	15821x15821	0,25
4170	(70000, 70000)	None	15821x15821	0,25
4172	(70000, 70000)	None	15821x15821	0,25
4174	(70000, 70000)	None	15821x15821	0,25
4176	(70000, 70000)	None	15821x15821	0,25
4178	(70000, 70000)	None	15821x15821	0,25
4180	(70000, 70000)	None	15821x15821	0,25
4182	(70000, 70000)	None	15821x15821	0,25
4184	(108360, 22925)	2,48	34396x7277	0,25
4186	(29315, 18013)	0,53	20170x12394	0,25
4188	(49737, 11186)	0,56	33361x7503	0,25
4190	(88745, 44167)	3,92	22426x11161	0,25
4192	(92965, 36171)	3,36	25363x9868	0,25
4196	(70000, 70000)	None	15821x15821	0,25
4198	(70000, 70000)	None	15821x15821	0,25
4200	(70000, 70000)	None	15821x15821	0,25
4202	(70000, 70000)	None	15821x15821	0,25
4204	(70000, 70000)	None	15821x15821	0,25
4206	(70000, 70000)	None	15821x15821	0,25
4208	(70000, 70000)	None	15821x15821	0,25
4210	(70000, 70000)	None	15821x15821	0,25
4213	(70000, 70000)	None	15821x15821	0,25
4215	(70000, 70000)	None	15821x15821	0,25
4217	(70000, 70000)	None	15821x15821	0,25
4219	(70000, 70000)	None	15821x15821	0,25
4221	(70000, 70000)	None	15821x15821	0,25
4223	(70000, 70000)	None	15821x15821	0,25
4225	(70000, 70000)	None	15821x15821	0,25
4227	(70000, 70000)	None	15821x15821	0,25
4229	(70000, 70000)	None	15821x15821	0,25
4231	(70000, 70000)	None	15821x15821	0,25
4233	(70000, 70000)	None	15821x15821	0,25
4235	(70000, 70000)	None	15821x15821	0,25
4243	(70000, 70000)	None	15821x15821	0,25
4245	(70000, 70000)	None	15821x15821	0,25
4247	(70000, 70000)	None	15821x15821	0,25
4249	(70000, 70000)	None	15821x15821	0,25
4251	(70000, 70000)	None	15821x15821	0,25
4253	(70000, 70000)	None	15821x15821	0,25
4255	(70000, 70000)	None	15821x15821	0,25
4257	(70000, 70000)	None	15821x15821	0,25
4259	(70000, 70000)	None	15821x15821	0,25
4261	(70000, 70000)	None	15821x15821	0,25
4263	(70000, 70000)	None	15821x15821	0,25
4265	(70000, 70000)	None	15821x15821	0,25
4289	(38914, 16736)	0,65	24124x10375	0,25
4292	(70000, 70000)	None	15821x15821	0,25
4294	(70000, 70000)	None	15821x15821	0,25
4296	(70000, 70000)	None	15821x15821	0,25
4298	(70000, 70000)	None	15821x15821	0,25
4300	(70000, 70000)	None	15821x15821	0,25
4302	(70000, 70000)	None	15821x15821	0,25
4315	(32398, 19589)	0,63	20346x12302	0,25
4322	(36324, 18687)	0,68	22057x11347	0,25
4325	(70000, 70000)	None	15821x15821	0,25
4327	(70000, 70000)	None	15821x15821	0,25
4330	(44144, 13256)	0,59	28871x8670	0,25
4332	(34545, 15244)	0,53	23816x10510	0,25
4334	(34450, 16231)	0,56	23048x10859	0,25
4338	(292500, 292500)	None	15821x15821	0,25
4341	(44373, 13822)	0,61	28327x8824	0,25
4343	(48220, 12986)	0,63	28277x7615	0,22
4345	(43290, 18147)	0,79	22665x9501	0,22
4348	(52773, 19939)	1,05	25739x9725	0,25
4350	(43463, 18944)	0,82	23964x10445	0,25
4352	(44904, 21911)	0,98	22633x11044	0,25
4354	(46634, 19226)	0,90	24624x10152	0,25
4356	(41107, 16422)	0,68	25014x9993	0,25
4358	(49770, 20675)	1,03	24547x10197	0,25
4365	(36303, 36303)	1,32	15800x15800	0,25
4367	(71854, 27108)	1,95	25579x9650	0,25
4369	(80639, 23932)	1,93	28978x8600	0,25
4371	(48617, 23945)	1,16	22528x11096	0,25
4373	(59275, 20936)	1,24	26602x9396	0,25
4375	(24366, 22736)	0,55	16378x15282	0,25
4377	(42879, 42879)	1,84	15821x15821	0,25
4379	(70906, 35559)	2,52	22341x11204	0,25
4381	(22843, 26813)	0,61	14603x17141	0,25
4383	(43321, 43321)	1,88	15821x15821	0,25
4385	(70863, 27948)	1,98	25192x9936	0,25
4387	(27127, 22078)	0,60	17537x14273	0,25
4389	(42818, 42818)	1,83	15821x15821	0,25
4391	(70996, 22592)	1,60	28046x8925	0,25
4393	(25234, 20665)	0,52	17482x14317	0,25
4395	(37520, 37520)	1,41	15821x15821	0,25
4397	(71575, 12212)	0,87	38278x6531	0,25
4399	(71898, 20463)	1,47	29636x8435	0,25
4401	(20977, 25272)	0,53	14414x17365	0,25
4403	(39754, 39754)	1,58	15821x15821	0,25
4405	(70984, 22825)	1,62	27899x8971	0,25
4407	(24888, 25238)	0,63	15711x15932	0,25
4409	(43577, 43577)	1,90	15821x15821	0,25
4411	(70963, 23427)	1,66	27535x9090	0,25
4413	(24538, 24488)	0,60	15837x15805	0,25
4415	(39379, 39379)	1,55	15821x15821	0,25
4417	(70978, 25176)	1,79	26564x9422	0,25
4420	(62256, 50845)	3,17	17506x14297	0,25
4422	(62256, 23443)	1,46	25781x9708	0,25
4424	(64338, 48658)	3,13	18192x13758	0,25
4426	(38658, 59593)	2,30	12742x19642	0,25
4428	(50170, 56128)	2,82	14958x16734	0,25
4430	(35073, 25830)	0,91	18435x13577	0,25
4432	(102504, 69914)	7,17	19157x13066	0,25
4434	(62946, 44899)	2,83	18733x13362	0,25
4436	(60144, 30072)	1,81	22374x11187	0,25
4438	(50504, 69919)	3,53	13446x18615	0,25
4440	(50504, 33406)	1,69	19453x12867	0,25
4442	(56772, 57874)	3,29	15669x15973	0,25
4444	(41667, 35259)	1,47	17198x14553	0,25
4482	(126978, 69175)	8,78	21434x11677	0,25
4484	(74988, 50383)	3,78	19301x12968	0,25
4486	(42294, 50383)	2,13	14495x17267	0,25
4488	(35595, 29990)	1,07	17236x14522	0,25
4490	(119169, 78872)	9,40	19447x12871	0,25
4492	(78614, 47131)	3,71	20433x12250	0,25
4494	(42790, 35867)	1,53	17280x14484	0,25
4496	(148895, 65046)	9,69	23937x10457	0,25
4498	(77965, 38348)	2,99	22558x11095	0,25
4500	(192541, 71663)	13,80	25933x9652	0,25
4502	(176388, 39929)	7,04	33251x7527	0,25
4504	(112946, 39929)	4,51	26609x9407	0,25
4506	(241739, 73026)	17,65	28786x8696	0,25
4508	(146549, 40843)	5,99	29968x8352	0,25
4510	(86196, 51283)	4,42	20511x12203	0,25
4512	(102571, 21243)	2,18	34765x7200	0,25
4514	(84134, 41938)	3,53	22409x11170	0,25
4516	(71898, 33220)	2,39	23275x10754	0,25
4517	(29696, 8428)	0,25	123282x34990	4,31
4520	(70038, 20676)	1,45	29118x8596	0,25
4523	(56434, 21383)	1,21	25702x9739	0,25
4526	(36995, 16566)	0,61	23627x10580	0,25
4529	(41646, 18067)	0,75	24019x10420	0,25
4531	(71851, 20962)	1,51	29290x8545	0,25
4533	(84954, 33188)	2,82	25312x9888	0,25
4535	(25957, 21324)	0,55	17455x14340	0,25
4537	(76063, 11576)	0,88	40555x6172	0,25
4539	(65964, 16474)	1,09	31657x7906	0,25
4541	(74739, 11629)	0,87	37202x5788	0,22
4543	(31608, 21103)	0,67	19362x12927	0,25
4545	(33946, 16597)	0,56	22410x10957	0,25
4548	(37133, 16935)	0,63	23427x10684	0,25
4552	(38924, 21206)	0,83	21421x11671	0,25
4554	(35977, 21505)	0,77	20451x12224	0,25
4556	(35974, 18868)	0,68	21832x11451	0,25
4558	(32758, 15556)	0,51	22944x10896	0,25
4560	(39654, 21012)	0,83	21721x11510	0,25
4562	(22863, 36444)	0,83	12523x19963	0,25
4564	(29413, 18344)	0,54	20021x12487	0,25
4566	(40787, 16215)	0,66	25077x9969	0,25
4570	(51079, 21991)	1,12	24112x10381	0,25
4572	(42952, 23433)	1,01	21406x11679	0,25
4574	(36324, 18687)	0,68	22044x11341	0,25
4576	(53190, 21539)	1,15	24862x10068	0,25
4578	(69829, 40045)	2,80	20878x11973	0,25
4580	(46838, 10685)	0,50	33124x7556	0,25
4605	(51698, 38638)	2,00	18300x13677	0,25
4607	(110777, 36794)	4,08	27452x9118	0,25
4609	(96369, 65132)	6,28	19244x13006	0,25
4611	(48078, 22427)	1,08	23164x10805	0,25
4613	(152336, 42967)	6,55	29789x8402	0,25
4615	(52601, 19716)	1,04	25842x9686	0,25
4617	(110777, 48992)	5,43	23789x10521	0,25
4619	(53565, 31501)	1,69	20630x12132	0,25
4621	(70230, 27455)	1,93	25304x9892	0,25
4623	(40140, 22014)	0,88	21363x11716	0,25
4628	(56761, 11419)	0,65	35272x7096	0,25
4638	(55775, 55775)	3,11	15823x15823	0,25
4640	(55775, 55775)	3,11	15823x15823	0,25
4643	(30673, 21683)	0,67	18817x13302	0,25
4646	(37381, 20523)	0,77	21337x11714	0,25
4649	(43885, 16987)	0,75	25413x9837	0,25
4651	(43885, 11751)	0,52	30574x8187	0,25
4653	(86906, 24500)	2,13	29796x8400	0,25
4655	(87913, 11461)	1,01	43500x5671	0,25
4657	(92420, 19136)	1,77	34770x7199	0,25
4659	(99977, 20107)	2,01	35278x7095	0,25
4661	(99977, 8978)	0,90	52795x4741	0,25
4663	(64532, 8978)	0,58	42415x5901	0,25
4670	(92420, 7659)	0,71	54958x4554	0,25
4676	(66513, 34970)	2,33	21819x11472	0,25
4680	(36788, 21773)	0,80	20564x12171	0,25
4682	(58152, 32011)	1,86	21324x11738	0,25
4684	(47145, 24158)	1,14	22101x11325	0,25
4686	(44125, 21784)	0,96	22516x11116	0,25
4689	(40727, 21466)	0,87	15409x8122	0,13
4691	(43934, 21457)	0,94	22638x11056	0,25
4693	(37627, 20393)	0,77	21490x11647	0,25
4697	(28670, 17977)	0,52	19980x12528	0,25
4699	(40070, 22069)	0,88	21318x11741	0,25
4701	(39859, 21067)	0,84	21762x11502	0,25
4703	(40000, 20000)	0,80	22374x11187	0,25
4705	(52006, 22107)	1,15	24266x10315	0,25
4707	(36843, 20667)	0,76	21123x11849	0,25
4709	(40151, 19443)	0,78	22734x11009	0,25
4711	(28187, 18561)	0,52	19496x12838	0,25
4714	(54878, 21911)	1,20	25023x9991	0,25
4716	(40111, 22137)	0,89	21284x11746	0,25
4718	(40014, 21657)	0,87	21457x11610	0,25
4720	(40074, 21961)	0,88	21359x11705	0,25
4722	(44853, 19684)	0,88	23868x10474	0,25
4724	(40277, 21921)	0,88	21432x11665	0,25
4726	(40277, 13371)	0,54	27458x9115	0,25
4728	(37473, 22596)	0,85	20373x12285	0,25
4730	(37473, 14018)	0,53	25866x9676	0,25
4732	(40769, 20638)	0,84	22236x11256	0,25
4738	(40258, 22418)	0,90	21201x11806	0,25
4748	(48209, 11871)	0,57	31882x7851	0,25
4751	(39869, 12626)	0,50	28113x8903	0,25
4754	(49403, 12094)	0,60	31975x7828	0,25
4758	(37177, 16475)	0,61	23766x10532	0,25
4760	(40410, 15688)	0,63	25391x9857	0,25
4762	(40440, 23896)	0,97	20581x12161	0,25
4766	(50090, 10107)	0,51	35000x7062	0,25
4782	(42926, 24401)	1,05	20984x11928	0,25
4784	(33852, 21618)	0,73	19798x12643	0,25
4786	(34255, 20988)	0,72	20212x12384	0,25
4788	(33421, 19541)	0,65	20690x12097	0,25
4792	(45733, 20240)	0,93	23782x10525	0,25
4794	(37320, 20974)	0,78	21103x11860	0,25
4796	(40308, 22105)	0,89	21364x11716	0,25
4798	(28655, 21399)	0,61	18308x13672	0,25
4800	(40103, 21201)	0,85	21759x11503	0,25
4803	(37713, 18149)	0,68	22806x10975	0,25
4805	(28765, 19585)	0,56	19173x13054	0,25
4807	(40334, 16446)	0,66	24776x10102	0,25
4813	(43038, 21643)	0,93	22310x11219	0,25
4815	(34163, 17896)	0,61	21859x11451	0,25
4817	(34017, 18385)	0,63	21520x11631	0,25
4819	(31255, 17939)	0,56	20883x11986	0,25
4821	(34422, 20289)	0,70	20607x12146	0,25
4823	(37288, 20761)	0,77	21202x11805	0,25
4825	(29567, 21121)	0,62	18718x13371	0,25
4827	(27494, 19076)	0,52	18993x13178	0,25
4831	(39875, 22584)	0,90	21022x11906	0,25
4833	(37035, 18136)	0,67	22608x11071	0,25
4835	(52691, 52691)	2,78	15821x15821	0,25
4837	(70779, 21329)	1,51	28821x8685	0,25
4839	(28275, 28275)	0,80	15821x15821	0,25
4841	(37391, 19191)	0,72	22083x11334	0,25
4843	(40189, 21969)	0,88	21398x11697	0,25
4845	(55460, 11994)	0,67	34019x7357	0,25
4858	(43562, 44460)	1,94	15660x15983	0,25
4864	(48486, 23515)	1,14	22718x11018	0,25
4866	(53633, 16938)	0,91	28153x8891	0,25
4868	(43460, 15587)	0,68	26418x9475	0,25
4871	(50598, 15032)	0,76	29025x8623	0,25
4876	(41798, 14437)	0,60	26920x9298	0,25
4880	(93765, 23102)	2,17	31852x7848	0,25
4885	(79877, 12835)	1,03	39469x6342	0,25
4886	(79877, 12835)	1,03	39469x6342	0,25
4887	(79877, 31222)	2,49	25305x9891	0,25
4890	(118905, 36234)	4,31	28659x8733	0,25
4892	(118905, 62691)	7,45	21789x11488	0,25
4894	(106796, 14347)	1,53	43164x5799	0,25
4896	(71894, 15647)	1,12	33912x7381	0,25
4898	(71588, 20194)	1,45	29787x8403	0,25
4900	(85508, 15750)	1,35	36863x6790	0,25
4903	(47082, 33798)	1,59	18672x13404	0,25
4905	(38948, 32904)	1,28	17212x14541	0,25
4908	(36511, 19966)	0,73	21394x11699	0,25
4910	(47112, 19050)	0,90	24879x10060	0,25
4912	(47181, 14931)	0,70	28123x8900	0,25
4914	(57910, 46356)	2,68	17683x14155	0,25
4916	(43872, 17002)	0,75	25414x9849	0,25
4928	(23487, 10644)	0,25	37325x16915	0,63
4929	(47252, 15434)	0,73	27664x9036	0,25
4932	(24091, 10390)	0,25	37866x16331	0,62
4933	(60120, 54711)	3,29	16584x15092	0,25
4935	(174607, 53492)	9,34	28584x8757	0,25
4937	(104122, 49876)	5,19	22859x10950	0,25
4939	(103869, 20555)	2,14	35565x7038	0,25
4941	(95324, 12830)	1,22	43122x5804	0,25
4943	(46631, 17165)	0,80	26060x9593	0,25
4946	(31565, 23344)	0,74	18397x13606	0,25
4948	(37686, 13809)	0,52	26136x9577	0,25
4950	(64238, 13025)	0,84	35110x7119	0,25
4952	(41146, 7870)	0,32	36153x6915	0,25
4954	(53743, 17340)	0,93	27852x8986	0,25
4956	(68276, 40961)	2,80	20426x12254	0,25
4958	(94457, 50650)	4,78	21605x11585	0,25
4960	(194230, 25858)	5,02	43363x5773	0,25
4964	(59193, 41310)	2,45	18938x13217	0,25
4966	(75665, 32038)	2,42	24252x10269	0,25
4968	(38332, 13625)	0,52	26536x9432	0,25
4970	(136240, 51730)	7,05	25675x9749	0,25
4972	(96404, 23141)	2,23	32205x7730	0,25
4974	(69058, 22721)	1,57	27582x9075	0,25
4976	(70815, 19270)	1,36	30329x8253	0,25
4978	(112797, 31646)	3,57	29868x8380	0,25
4986	(66578, 16757)	1,12	31535x7937	0,25
4990	(34695, 18130)	0,63	21871x11429	0,25
4996	(64449, 40406)	2,60	19969x12520	0,25
5000	(110539, 40459)	4,47	26150x9571	0,25
5002	(66622, 21671)	1,44	27739x9023	0,25
5004	(64809, 18585)	1,20	29543x8472	0,25
5008	(44147, 16113)	0,71	26187x9558	0,25
5010	(33079, 16000)	0,53	22748x11003	0,25
5012	(34450, 24873)	0,86	18619x13443	0,25
5014	(48571, 13434)	0,65	30082x8320	0,25
5016	(48133, 12374)	0,60	31203x8022	0,25
5018	(32369, 18899)	0,61	20705x12089	0,25
5020	(56000, 21886)	1,23	25307x9891	0,25
5024	(47517, 15093)	0,72	28031x8904	0,25
5026	(53569, 34112)	1,83	19764x12585	0,25
5028	(158150, 30153)	4,77	36142x6891	0,25
5032	(60085, 13869)	0,83	32928x7601	0,25
5034	(42645, 13243)	0,56	28390x8816	0,25
5036	(42898, 12396)	0,53	29431x8505	0,25
5038	(39203, 13723)	0,54	26740x9360	0,25
5041	(33187, 15117)	0,50	23441x10678	0,25
5043	(99917, 23974)	2,40	32283x7746	0,25
5045	(51022, 11877)	0,61	32756x7625	0,25
5047	(46637, 11237)	0,52	32205x7760	0,25
5049	(31969, 7793)	0,25	89160x21736	1,94
5051	(193281, 37358)	7,22	35984x6955	0,25
5053	(46927, 11060)	0,52	32520x7664	0,25
5055	(35270, 15204)	0,54	24016x10353	0,25
5057	(44127, 11951)	0,53	30394x8231	0,25
5059	(45781, 14464)	0,66	28110x8881	0,25
5061	(53045, 10416)	0,55	35669x7004	0,25
5063	(35233, 21610)	0,76	20157x12363	0,25
5065	(38520, 12964)	0,50	27244x9169	0,25
5067	(35751, 14118)	0,50	25118x9919	0,25
5069	(37813, 15260)	0,58	24882x10041	0,25
5071	(41395, 17592)	0,73	24252x10307	0,25
5073	(45335, 16196)	0,73	26457x9452	0,25
5075	(66142, 13056)	0,86	35591x7025	0,25
5077	(194230, 25858)	5,02	43363x5773	0,25
5079	(82193, 15829)	1,30	36052x6943	0,25
5081	(82677, 14941)	1,24	37165x6716	0,25
5083	(60532, 15443)	0,93	31322x7991	0,25
5088	(64725, 9507)	0,62	41260x6060	0,25
5090	(94488, 9193)	0,87	50709x4934	0,25
5092	(42323, 12969)	0,55	28504x8735	0,25
5094	(50001, 10147)	0,51	35039x7111	0,25
5096	(54099, 11113)	0,60	34882x7165	0,25
5098	(65644, 10453)	0,69	39645x6313	0,25
5104	(61836, 52560)	3,25	17160x14586	0,25
5118	(61280, 18826)	1,15	28544x8769	0,25
5120	(54571, 18395)	1,00	27249x9185	0,25
5122	(40523, 17207)	0,70	24263x10303	0,25
5125	(44014, 17020)	0,75	25441x9838	0,25
5127	(50399, 17132)	0,86	27135x9224	0,25
5130	(50693, 15642)	0,79	28480x8788	0,25
5132	(26006, 20247)	0,53	17900x13936	0,25
5179	(42292, 12476)	0,53	29129x8593	0,25
5200	(41036, 12898)	0,53	28201x8864	0,25
5209	(38428, 16097)	0,62	24444x10239	0,25
5211	(37997, 16473)	0,63	24028x10417	0,25
5213	(28542, 19689)	0,56	19048x13140	0,25
5215	(35082, 15004)	0,53	24191x10346	0,25
5223	(33016, 18892)	0,62	20914x11967	0,25
5225	(38129, 22534)	0,86	20567x12155	0,25
5229	(44664, 19597)	0,88	23884x10479	0,25
5231	(41559, 21089)	0,88	22209x11270	0,25
5234	(42621, 14804)	0,63	26844x9324	0,25
5236	(52116, 14629)	0,76	29861x8382	0,25
5238	(46233, 17076)	0,79	26032x9615	0,25
5240	(40948, 17470)	0,72	24205x10327	0,25
5242	(37906, 18285)	0,69	22764x10981	0,25
5244	(41587, 25224)	1,05	20314x12321	0,25
5246	(28333, 19943)	0,57	18857x13273	0,25
5248	(87609, 20391)	1,79	32793x7633	0,25
5262	(48280, 20208)	0,98	24438x10229	0,25
5264	(46984, 19823)	0,93	24356x10276	0,25
5268	(28285, 18182)	0,51	19732x12684	0,25
5301	(38742, 30000)	1,16	17979x13922	0,25
5304	(35894, 25350)	0,91	18825x13295	0,25
5322	(103981, 28955)	3,01	29981x8349	0,25
5324	(44632, 20511)	0,92	23322x10718	0,25
5326	(100418, 23206)	2,33	32887x7600	0,25
5328	(44788, 19935)	0,89	23698x10548	0,25
5331	(44799, 19798)	0,89	23784x10511	0,25
5333	(48016, 20096)	0,96	24438x10228	0,25
5335	(74119, 22772)	1,69	28543x8769	0,25
5339	(76210, 22552)	1,72	29082x8606	0,25
5341	(36703, 19179)	0,70	21886x11436	0,25
5343	(43388, 40810)	1,77	16313x15344	0,25
5345	(41580, 22341)	0,93	21583x11597	0,25
5356	(54806, 19315)	1,06	26632x9386	0,25
5358	(35794, 15617)	0,56	23951x10450	0,25
5360	(36407, 15575)	0,57	24172x10341	0,25
5381	(58448, 65057)	3,80	14991x16686	0,25
5383	(70500, 26500)	1,87	25796x9696	0,25
5385	(36267, 27038)	0,98	18320x13658	0,25
5387	(54081, 20063)	1,09	25974x9636	0,25
5389	(54189, 20258)	1,10	25875x9673	0,25
5391	(48203, 27062)	1,30	21114x11854	0,25
5393	(44289, 24422)	1,08	21305x11748	0,25
5395	(53644, 15321)	0,82	29604x8455	0,25
5397	(58774, 20998)	1,23	26450x9450	0,25
5399	(49204, 16340)	0,80	27454x9117	0,25
5401	(54625, 23726)	1,30	24006x10427	0,25
5403	(57960, 20388)	1,18	26657x9377	0,25
5406	(30134, 18460)	0,56	20214x12383	0,25
5409	(20488, 26472)	0,54	13900x17960	0,25
5417	(80625, 22852)	1,84	29696x8417	0,25
5419	(51296, 19841)	1,02	25421x9833	0,25
5422	(34233, 17631)	0,60	22031x11347	0,25
5424	(63246, 63246)	4,00	15811x15811	0,25
5427	(22194, 11277)	0,25	40303x20479	0,83
5428	(26136, 9576)	0,25	55891x20479	1,14
5433	(75179, 22285)	1,68	29058x8614	0,25
5435	(35297, 20479)	0,72	20771x12051	0,25
5437	(36796, 22285)	0,82	20329x12312	0,25
5452	(33753, 21513)	0,73	19817x12631	0,25
5454	(33562, 16492)	0,55	22569x11090	0,25
5456	(31439, 20135)	0,63	19769x12661	0,25
5458	(33286, 38554)	1,28	14700x17026	0,25
5460	(34087, 34088)	1,16	15821x15821	0,25
5462	(71338, 25269)	1,80	26583x9416	0,25
5464	(46026, 20756)	0,96	23558x10624	0,25
5551	(42741, 21413)	0,92	22352x11198	0,25
5553	(80784, 40570)	3,28	22325x11212	0,25
5555	(88782, 57579)	5,11	19645x12741	0,25
5557	(66838, 30268)	2,02	23510x10647	0,25
5559	(65685, 39463)	2,59	20411x12263	0,25
5561	(57727, 17496)	1,01	28738x8710	0,25
5563	(102887, 53721)	5,53	21894x11432	0,25
5565	(88832, 20216)	1,80	33163x7547	0,25
5568	(41500, 19822)	0,82	22877x10927	0,25
5591	(245582, 72995)	17,93	26916x8000	0,22
5593	(245582, 42567)	10,45	38000x6587	0,25
5595	(245582, 43398)	10,66	37635x6651	0,25
5597	(74693, 25000)	1,87	27347x9153	0,25
5599	(55728, 15047)	0,84	30446x8221	0,25
5617	(41557, 13008)	0,54	28277x8851	0,25
5709	(74003, 6780)	0,50	52267x4789	0,25
5739	(37593, 17590)	0,66	23129x10822	0,25
5807	(46026, 20756)	0,96	23558x10624	0,25
5809	(52450, 19624)	1,03	25848x9671	0,25
5811	(41500, 19822)	0,82	22877x10927	0,25
5911	(60806, 8368)	0,51	42647x5869	0,25
5912	(61587, 8340)	0,51	42993x5822	0,25
5992	(48753, 10896)	0,53	33466x7479	0,25
6109	(42051, 14867)	0,63	26608x9407	0,25
6117	(64365, 8167)	0,53	44418x5636	0,25
6127	(75336, 8354)	0,63	47516x5269	0,25
6159	(52681, 10689)	0,56	35126x7127	0,25
6222	(88830, 7230)	0,64	55460x4514	0,25
6314	(73544, 8650)	0,64	46133x5426	0,25
6336	(43350, 12706)	0,55	29222x8565	0,25
6375	(57980, 19033)	1,10	27615x9065	0,25
6377	(39200, 17236)	0,68	23860x10491	0,25
6396	(75417, 8372)	0,63	47482x5271	0,25
6428	(54484, 20542)	1,12	25765x9714	0,25
6430	(47933, 19715)	0,94	24653x10140	0,25
6459	(35936, 16840)	0,61	23111x10830	0,25
6460	(43072, 23450)	1,01	21123x11500	0,24
6461	(198203, 19242)	3,81	50782x4930	0,25
6465	(198203, 38250)	7,58	36013x6950	0,25
6483	(23872, 21768)	0,52	16567x15107	0,25
6485	(28227, 19790)	0,56	18895x13247	0,25
6492	(24910, 20190)	0,50	17573x14243	0,25
6496	(132255, 43699)	5,78	27523x9094	0,25
6514	(59430, 8700)	0,52	41348x6053	0,25
6624	(142678, 10014)	1,43	59727x4192	0,25
6720	(71826, 8278)	0,59	46603x5371	0,25
6844	(41770, 13624)	0,57	27701x9035	0,25
6873	(43159, 5799)	0,25	62770x8434	0,53
6882	(37398, 6694)	0,25	61890x11078	0,69
6913	(12473, 20066)	0,25	18141x29184	0,53
7004	(57799, 20895)	1,21	26295x9506	0,25
7006	(52641, 18319)	0,96	26801x9327	0,25
7009	(51327, 19444)	1,00	25687x9731	0,25
7011	(51451, 20204)	1,04	25247x9914	0,25
7013	(61328, 20770)	1,27	27186x9207	0,25
7015	(51269, 27701)	1,42	21509x11621	0,25
7017	(54634, 19501)	1,07	26463x9446	0,25
7019	(48214, 27387)	1,32	20977x11916	0,25
7021	(38099, 21956)	0,84	20828x12003	0,25
7024	(9360, 26743)	0,25	14000x40000	0,56
7033	(49478, 23627)	1,17	22895x10933	0,25
7035	(67678, 20507)	1,39	28721x8703	0,25
7037	(41592, 17759)	0,74	24195x10331	0,25
7039	(51246, 14572)	0,75	29649x8431	0,25
7042	(26834, 9315)	0,25	50266x17449	0,88
7045	(54404, 26501)	1,44	22668x11042	0,25
7435	(58427, 58427)	None	15821x15821	0,25
7437	(41227, 41227)	None	15821x15821	0,25
7778	(51020, 25453)	1,30	22384x11167	0,25
7921	(44726, 20721)	0,93	23484x10880	0,26
7922	(41192, 13283)	0,55	27860x8984	0,25
7923	(19634, 47412)	0,93	10000x24149	0,24
7924	(34000, 21000)	0,71	19120x12500	0,24
8113	(55359, 11604)	0,64	34559x7244	0,25
8122	(71209, 19861)	1,41	29939x8350	0,25
8125	(74481, 28099)	2,09	25759x9718	0,25
8128	(25262, 9908)	0,25	58836x23076	1,36
8151	(73654, 33211)	2,45	23561x10624	0,25
8164	(45200, 12103)	0,55	30575x8187	0,25
8169	(24744, 24649)	None	15851x15790	0,25
8768	(14366, 17424)	0,25	20349x24681	0,50
8771	(14126, 17718)	0,25	20675x25932	0,54
8773	(71081, 32291)	2,30	23472x10663	0,25
8872	(74486, 8734)	0,65	46206x5418	0,25
8926	(64016, 8540)	0,55	43319x5779	0,25
8943	(104586, 8612)	0,90	55135x4540	0,25
8948	(74584, 7962)	0,59	48421x5169	0,25
8980	(46426, 5392)	0,25	72480x8418	0,61
9064	(80072, 9035)	0,72	47000x5303	0,25
9067	(65980, 9140)	0,60	42250x5853	0,25
9071	(23007, 10879)	0,25	69539x32882	2,29
9073	(202847, 42632)	8,65	34510x7253	0,25
9075	(28565, 8762)	0,25	124997x38342	4,79
9082	(65527, 9413)	0,62	41740x5996	0,25
9086	(46052, 5435)	0,25	68710x8109	0,56
